0,1,2,3,4,5,6,7,ss_0,ss_1,ss_2,ss_3,ss_4,ss_5,ss_6,ss_7,coord_clique_0,coord_clique_1,coord_clique_2,coord_clique_3,coord_clique_4,coord_clique_5,coord_clique_6,coord_clique_7,matriz_coordenadas,baricentro_clique,vec_gorro_0,vec_gorro_1,vec_gorro_2,vec_gorro_3,vec_gorro_4,vec_gorro_5,vec_gorro_6,vec_gorro_7,vectores_gorro,distancia_promedio
161.0,162.0,163.0,134.0,137.0,153.0,154.0,155.0,B,B,B,H,H,B,B,B,[14.115  5.057  2.255],[15.535  4.541  2.527],[15.847  4.114  3.64 ],[14.368  2.302 -3.395],[11.976  6.262 -3.813],[14.743  7.396  2.18 ],[15.301  7.291  3.273],[13.549  9.51   1.501],"[array([14.115,  5.057,  2.255]), array([15.535,  4.541,  2.527]), array([15.847,  4.114,  3.64 ]), array([14.368,  2.302, -3.395]), array([11.976,  6.262, -3.813]), array([14.743,  7.396,  2.18 ]), array([15.301,  7.291,  3.273]), array([13.549,  9.51 ,  1.501])]",[14.42925   5.809125  1.021   ],[-0.31425  -0.752125  1.234   ],[ 1.10575  -1.268125  1.506   ],[ 1.41775  -1.695125  2.619   ],[-0.06125  -3.507125 -4.416   ],[-2.45325   0.452875 -4.834   ],[0.31375  1.586875 1.159   ],[0.87175  1.481875 2.252   ],[-0.88025   3.700875  0.48    ],"[[-0.31425  -0.752125  1.234   ]
 [ 1.10575  -1.268125  1.506   ]
 [ 1.41775  -1.695125  2.619   ]
 [-0.06125  -3.507125 -4.416   ]
 [-2.45325   0.452875 -4.834   ]
 [ 0.31375   1.586875  1.159   ]
 [ 0.87175   1.481875  2.252   ]
 [-0.88025   3.700875  0.48    ]]",3.3625713151721333
164.0,165.0,166.0,115.0,148.0,149.0,150.0,151.0,B,B,B,B,B,B,B,B,[13.355  4.039  1.402],[13.223  2.69   2.039],[12.234  2.453  2.988],[8.951 5.304 2.133],[14.719  7.5   -3.162],[19.321  7.212 -2.662],[20.949 10.469 -1.038],[15.136  8.455 -0.02 ],"[array([13.355,  4.039,  1.402]), array([13.223,  2.69 ,  2.039]), array([12.234,  2.453,  2.988]), array([8.951, 5.304, 2.133]), array([14.719,  7.5  , -3.162]), array([19.321,  7.212, -2.662]), array([20.949, 10.469, -1.038]), array([15.136,  8.455, -0.02 ])]",[14.736    6.01525  0.21   ],[-1.381   -1.97625  1.192  ],[-1.513   -3.32525  1.829  ],[-2.502   -3.56225  2.778  ],[-5.785   -0.71125  1.923  ],[-0.017    1.48475 -3.372  ],[ 4.585    1.19675 -2.872  ],[ 6.213    4.45375 -1.248  ],[ 0.4      2.43975 -0.23   ],"[[-1.381   -1.97625  1.192  ]
 [-1.513   -3.32525  1.829  ]
 [-2.502   -3.56225  2.778  ]
 [-5.785   -0.71125  1.923  ]
 [-0.017    1.48475 -3.372  ]
 [ 4.585    1.19675 -2.872  ]
 [ 6.213    4.45375 -1.248  ]
 [ 0.4      2.43975 -0.23   ]]",4.691345120694217
164.0,165.0,166.0,115.0,148.0,116.0,150.0,151.0,B,B,B,B,B,B,B,B,[13.355  4.039  1.402],[13.223  2.69   2.039],[12.234  2.453  2.988],[8.951 5.304 2.133],[14.719  7.5   -3.162],[11.184  6.616  3.7  ],[20.949 10.469 -1.038],[15.136  8.455 -0.02 ],"[array([13.355,  4.039,  1.402]), array([13.223,  2.69 ,  2.039]), array([12.234,  2.453,  2.988]), array([8.951, 5.304, 2.133]), array([14.719,  7.5  , -3.162]), array([11.184,  6.616,  3.7  ]), array([20.949, 10.469, -1.038]), array([15.136,  8.455, -0.02 ])]",[13.718875  5.94075   1.00525 ],[-0.363875 -1.90175   0.39675 ],[-0.495875 -3.25075   1.03375 ],[-1.484875 -3.48775   1.98275 ],[-4.767875 -0.63675   1.12775 ],[ 1.000125  1.55925  -4.16725 ],[-2.534875  0.67525   2.69475 ],[ 7.230125  4.52825  -2.04325 ],[ 1.417125  2.51425  -1.02525 ],"[[-0.363875 -1.90175   0.39675 ]
 [-0.495875 -3.25075   1.03375 ]
 [-1.484875 -3.48775   1.98275 ]
 [-4.767875 -0.63675   1.12775 ]
 [ 1.000125  1.55925  -4.16725 ]
 [-2.534875  0.67525   2.69475 ]
 [ 7.230125  4.52825  -2.04325 ]
 [ 1.417125  2.51425  -1.02525 ]]",4.349801637388107
165.0,166.0,167.0,115.0,148.0,149.0,150.0,151.0,B,B,B,B,B,B,B,B,[13.223  2.69   2.039],[12.234  2.453  2.988],[14.182  1.719  1.814],[8.951 5.304 2.133],[14.719  7.5   -3.162],[19.321  7.212 -2.662],[20.949 10.469 -1.038],[15.136  8.455 -0.02 ],"[array([13.223,  2.69 ,  2.039]), array([12.234,  2.453,  2.988]), array([14.182,  1.719,  1.814]), array([8.951, 5.304, 2.133]), array([14.719,  7.5  , -3.162]), array([19.321,  7.212, -2.662]), array([20.949, 10.469, -1.038]), array([15.136,  8.455, -0.02 ])]",[14.839375  5.72525   0.2615  ],[-1.616375 -3.03525   1.7775  ],[-2.605375 -3.27225   2.7265  ],[-0.657375 -4.00625   1.5525  ],[-5.888375 -0.42125   1.8715  ],[-0.120375  1.77475  -3.4235  ],[ 4.481625  1.48675  -2.9235  ],[ 6.109625  4.74375  -1.2995  ],[ 0.296625  2.72975  -0.2815  ],"[[-1.616375 -3.03525   1.7775  ]
 [-2.605375 -3.27225   2.7265  ]
 [-0.657375 -4.00625   1.5525  ]
 [-5.888375 -0.42125   1.8715  ]
 [-0.120375  1.77475  -3.4235  ]
 [ 4.481625  1.48675  -2.9235  ]
 [ 6.109625  4.74375  -1.2995  ]
 [ 0.296625  2.72975  -0.2815  ]]",4.9273450832116
165.0,166.0,167.0,115.0,148.0,116.0,150.0,151.0,B,B,B,B,B,B,B,B,[13.223  2.69   2.039],[12.234  2.453  2.988],[14.182  1.719  1.814],[8.951 5.304 2.133],[14.719  7.5   -3.162],[11.184  6.616  3.7  ],[20.949 10.469 -1.038],[15.136  8.455 -0.02 ],"[array([13.223,  2.69 ,  2.039]), array([12.234,  2.453,  2.988]), array([14.182,  1.719,  1.814]), array([8.951, 5.304, 2.133]), array([14.719,  7.5  , -3.162]), array([11.184,  6.616,  3.7  ]), array([20.949, 10.469, -1.038]), array([15.136,  8.455, -0.02 ])]",[13.82225  5.65075  1.05675],[-0.59925 -2.96075  0.98225],[-1.58825 -3.19775  1.93125],[ 0.35975 -3.93175  0.75725],[-4.87125 -0.34675  1.07625],[ 0.89675  1.84925 -4.21875],[-2.63825  0.96525  2.64325],[ 7.12675  4.81825 -2.09475],[ 1.31375  2.80425 -1.07675],"[[-0.59925 -2.96075  0.98225]
 [-1.58825 -3.19775  1.93125]
 [ 0.35975 -3.93175  0.75725]
 [-4.87125 -0.34675  1.07625]
 [ 0.89675  1.84925 -4.21875]
 [-2.63825  0.96525  2.64325]
 [ 7.12675  4.81825 -2.09475]
 [ 1.31375  2.80425 -1.07675]]",4.617417274701655
164.0,165.0,115.0,116.0,85.0,118.0,86.0,117.0,B,B,B,B,B,B,B,B,[13.355  4.039  1.402],[13.223  2.69   2.039],[8.951 5.304 2.133],[11.184  6.616  3.7  ],[7.89  8.282 6.004],[ 9.929  7.834 -0.856],[6.677 8.829 5.385],[6.535 6.93  1.724],"[array([13.355,  4.039,  1.402]), array([13.223,  2.69 ,  2.039]), array([8.951, 5.304, 2.133]), array([11.184,  6.616,  3.7  ]), array([7.89 , 8.282, 6.004]), array([ 9.929,  7.834, -0.856]), array([6.677, 8.829, 5.385]), array([6.535, 6.93 , 1.724])]",[9.718    6.3155   2.691375],[ 3.637    -2.2765   -1.289375],[ 3.505    -3.6255   -0.652375],[-0.767    -1.0115   -0.558375],[1.466    0.3005   1.008625],[-1.828     1.9665    3.312625],[ 0.211     1.5185   -3.547375],[-3.041     2.5135    2.693625],[-3.183     0.6145   -0.967375],"[[ 3.637    -2.2765   -1.289375]
 [ 3.505    -3.6255   -0.652375]
 [-0.767    -1.0115   -0.558375]
 [ 1.466     0.3005    1.008625]
 [-1.828     1.9665    3.312625]
 [ 0.211     1.5185   -3.547375]
 [-3.041     2.5135    2.693625]
 [-3.183     0.6145   -0.967375]]",3.63064787929071
160.0,161.0,162.0,133.0,119.0,120.0,121.0,156.0,B,B,B,H,B,B,B,B,[14.125  6.366  1.612],[14.115  5.057  2.255],[15.535  4.541  2.527],[14.83   3.527 -4.187],[10.521  7.512 -2.152],[11.814  6.76  -1.915],[12.308  6.718 -0.799],[13.224  9.874  2.95 ],"[array([14.125,  6.366,  1.612]), array([14.115,  5.057,  2.255]), array([15.535,  4.541,  2.527]), array([14.83 ,  3.527, -4.187]), array([10.521,  7.512, -2.152]), array([11.814,  6.76 , -1.915]), array([12.308,  6.718, -0.799]), array([13.224,  9.874,  2.95 ])]",[13.309     6.294375  0.036375],[0.816    0.071625 1.575625],[ 0.806    -1.237375  2.218625],[ 2.226    -1.753375  2.490625],[ 1.521    -2.767375 -4.223375],[-2.788     1.217625 -2.188375],[-1.495     0.465625 -1.951375],[-1.001     0.423625 -0.835375],[-0.085     3.579625  2.913625],"[[ 0.816     0.071625  1.575625]
 [ 0.806    -1.237375  2.218625]
 [ 2.226    -1.753375  2.490625]
 [ 1.521    -2.767375 -4.223375]
 [-2.788     1.217625 -2.188375]
 [-1.495     0.465625 -1.951375]
 [-1.001     0.423625 -0.835375]
 [-0.085     3.579625  2.913625]]",3.215463349969369
166.0,167.0,109.0,110.0,113.0,114.0,115.0,116.0,B,B,H,H,C,C,B,B,[12.234  2.453  2.988],[14.182  1.719  1.814],[6.959 7.465 1.026],[8.42  7.547 1.029],[9.039 6.795 2.284],[10.489  7.243  2.511],[8.951 5.304 2.133],[11.184  6.616  3.7  ],"[array([12.234,  2.453,  2.988]), array([14.182,  1.719,  1.814]), array([6.959, 7.465, 1.026]), array([8.42 , 7.547, 1.029]), array([9.039, 6.795, 2.284]), array([10.489,  7.243,  2.511]), array([8.951, 5.304, 2.133]), array([11.184,  6.616,  3.7  ])]",[10.18225   5.64275   2.185625],[ 2.05175  -3.18975   0.802375],[ 3.99975  -3.92375  -0.371625],[-3.22325   1.82225  -1.159625],[-1.76225   1.90425  -1.156625],[-1.14325   1.15225   0.098375],[0.30675  1.60025  0.325375],[-1.23125  -0.33875  -0.052625],[1.00175  0.97325  1.514375],"[[ 2.05175  -3.18975   0.802375]
 [ 3.99975  -3.92375  -0.371625]
 [-3.22325   1.82225  -1.159625]
 [-1.76225   1.90425  -1.156625]
 [-1.14325   1.15225   0.098375]
 [ 0.30675   1.60025   0.325375]
 [-1.23125  -0.33875  -0.052625]
 [ 1.00175   0.97325   1.514375]]",2.8548177945920132
166.0,109.0,110.0,113.0,114.0,115.0,116.0,85.0,B,H,H,C,C,B,B,B,[12.234  2.453  2.988],[6.959 7.465 1.026],[8.42  7.547 1.029],[9.039 6.795 2.284],[10.489  7.243  2.511],[8.951 5.304 2.133],[11.184  6.616  3.7  ],[7.89  8.282 6.004],"[array([12.234,  2.453,  2.988]), array([6.959, 7.465, 1.026]), array([8.42 , 7.547, 1.029]), array([9.039, 6.795, 2.284]), array([10.489,  7.243,  2.511]), array([8.951, 5.304, 2.133]), array([11.184,  6.616,  3.7  ]), array([7.89 , 8.282, 6.004])]",[9.39575  6.463125 2.709375],[ 2.83825  -4.010125  0.278625],[-2.43675   1.001875 -1.683375],[-0.97575   1.083875 -1.680375],[-0.35675   0.331875 -0.425375],[ 1.09325   0.779875 -0.198375],[-0.44475  -1.159125 -0.576375],[1.78825  0.152875 0.990625],[-1.50575   1.818875  3.294625],"[[ 2.83825  -4.010125  0.278625]
 [-2.43675   1.001875 -1.683375]
 [-0.97575   1.083875 -1.680375]
 [-0.35675   0.331875 -0.425375]
 [ 1.09325   0.779875 -0.198375]
 [-0.44475  -1.159125 -0.576375]
 [ 1.78825   0.152875  0.990625]
 [-1.50575   1.818875  3.294625]]",2.4686035107126223
166.0,167.0,109.0,110.0,111.0,113.0,114.0,115.0,B,B,H,H,H,C,C,B,[12.234  2.453  2.988],[14.182  1.719  1.814],[6.959 7.465 1.026],[8.42  7.547 1.029],[ 9.036  7.033 -0.278],[9.039 6.795 2.284],[10.489  7.243  2.511],[8.951 5.304 2.133],"[array([12.234,  2.453,  2.988]), array([14.182,  1.719,  1.814]), array([6.959, 7.465, 1.026]), array([8.42 , 7.547, 1.029]), array([ 9.036,  7.033, -0.278]), array([9.039, 6.795, 2.284]), array([10.489,  7.243,  2.511]), array([8.951, 5.304, 2.133])]",[9.91375  5.694875 1.688375],[ 2.32025  -3.241875  1.299625],[ 4.26825  -3.975875  0.125625],[-2.95475   1.770125 -0.662375],[-1.49375   1.852125 -0.659375],[-0.87775   1.338125 -1.966375],[-0.87475   1.100125  0.595625],[0.57525  1.548125 0.822625],[-0.96275  -0.390875  0.444625],"[[ 2.32025  -3.241875  1.299625]
 [ 4.26825  -3.975875  0.125625]
 [-2.95475   1.770125 -0.662375]
 [-1.49375   1.852125 -0.659375]
 [-0.87775   1.338125 -1.966375]
 [-0.87475   1.100125  0.595625]
 [ 0.57525   1.548125  0.822625]
 [-0.96275  -0.390875  0.444625]]",2.880163089010529
167.0,107.0,109.0,111.0,112.0,113.0,114.0,115.0,B,H,H,H,C,C,C,B,[14.182  1.719  1.814],[4.57  8.805 2.691],[6.959 7.465 1.026],[ 9.036  7.033 -0.278],[ 8.633  6.007 -0.811],[9.039 6.795 2.284],[10.489  7.243  2.511],[8.951 5.304 2.133],"[array([14.182,  1.719,  1.814]), array([4.57 , 8.805, 2.691]), array([6.959, 7.465, 1.026]), array([ 9.036,  7.033, -0.278]), array([ 8.633,  6.007, -0.811]), array([9.039, 6.795, 2.284]), array([10.489,  7.243,  2.511]), array([8.951, 5.304, 2.133])]",[8.982375 6.296375 1.42125 ],[ 5.199625 -4.577375  0.39275 ],[-4.412375  2.508625  1.26975 ],[-2.023375  1.168625 -0.39525 ],[ 0.053625  0.736625 -1.69925 ],[-0.349375 -0.289375 -2.23225 ],[0.056625 0.498625 0.86275 ],[1.506625 0.946625 1.08975 ],[-0.031375 -0.992375  0.71175 ],"[[ 5.199625 -4.577375  0.39275 ]
 [-4.412375  2.508625  1.26975 ]
 [-2.023375  1.168625 -0.39525 ]
 [ 0.053625  0.736625 -1.69925 ]
 [-0.349375 -0.289375 -2.23225 ]
 [ 0.056625  0.498625  0.86275 ]
 [ 1.506625  0.946625  1.08975 ]
 [-0.031375 -0.992375  0.71175 ]]",2.8721622789660106
167.0,107.0,110.0,111.0,112.0,113.0,114.0,115.0,B,H,H,H,C,C,C,B,[14.182  1.719  1.814],[4.57  8.805 2.691],[8.42  7.547 1.029],[ 9.036  7.033 -0.278],[ 8.633  6.007 -0.811],[9.039 6.795 2.284],[10.489  7.243  2.511],[8.951 5.304 2.133],"[array([14.182,  1.719,  1.814]), array([4.57 , 8.805, 2.691]), array([8.42 , 7.547, 1.029]), array([ 9.036,  7.033, -0.278]), array([ 8.633,  6.007, -0.811]), array([9.039, 6.795, 2.284]), array([10.489,  7.243,  2.511]), array([8.951, 5.304, 2.133])]",[9.165    6.306625 1.421625],[ 5.017    -4.587625  0.392375],[-4.595     2.498375  1.269375],[-0.745     1.240375 -0.392625],[-0.129     0.726375 -1.699625],[-0.532    -0.299625 -2.232625],[-0.126     0.488375  0.862375],[1.324    0.936375 1.089375],[-0.214    -1.002625  0.711375],"[[ 5.017    -4.587625  0.392375]
 [-4.595     2.498375  1.269375]
 [-0.745     1.240375 -0.392625]
 [-0.129     0.726375 -1.699625]
 [-0.532    -0.299625 -2.232625]
 [-0.126     0.488375  0.862375]
 [ 1.324     0.936375  1.089375]
 [-0.214    -1.002625  0.711375]]",2.7573572674249602
167.0,109.0,110.0,111.0,112.0,113.0,114.0,115.0,B,H,H,H,C,C,C,B,[14.182  1.719  1.814],[6.959 7.465 1.026],[8.42  7.547 1.029],[ 9.036  7.033 -0.278],[ 8.633  6.007 -0.811],[9.039 6.795 2.284],[10.489  7.243  2.511],[8.951 5.304 2.133],"[array([14.182,  1.719,  1.814]), array([6.959, 7.465, 1.026]), array([8.42 , 7.547, 1.029]), array([ 9.036,  7.033, -0.278]), array([ 8.633,  6.007, -0.811]), array([9.039, 6.795, 2.284]), array([10.489,  7.243,  2.511]), array([8.951, 5.304, 2.133])]",[9.463625 6.139125 1.2135  ],[ 4.718375 -4.420125  0.6005  ],[-2.504625  1.325875 -0.1875  ],[-1.043625  1.407875 -0.1845  ],[-0.427625  0.893875 -1.4915  ],[-0.830625 -0.132125 -2.0245  ],[-0.424625  0.655875  1.0705  ],[1.025375 1.103875 1.2975  ],[-0.512625 -0.835125  0.9195  ],"[[ 4.718375 -4.420125  0.6005  ]
 [-2.504625  1.325875 -0.1875  ]
 [-1.043625  1.407875 -0.1845  ]
 [-0.427625  0.893875 -1.4915  ]
 [-0.830625 -0.132125 -2.0245  ]
 [-0.424625  0.655875  1.0705  ]
 [ 1.025375  1.103875  1.2975  ]
 [-0.512625 -0.835125  0.9195  ]]",2.4669722530720612
167.0,107.0,109.0,110.0,113.0,114.0,115.0,116.0,B,H,H,H,C,C,B,B,[14.182  1.719  1.814],[4.57  8.805 2.691],[6.959 7.465 1.026],[8.42  7.547 1.029],[9.039 6.795 2.284],[10.489  7.243  2.511],[8.951 5.304 2.133],[11.184  6.616  3.7  ],"[array([14.182,  1.719,  1.814]), array([4.57 , 8.805, 2.691]), array([6.959, 7.465, 1.026]), array([8.42 , 7.547, 1.029]), array([9.039, 6.795, 2.284]), array([10.489,  7.243,  2.511]), array([8.951, 5.304, 2.133]), array([11.184,  6.616,  3.7  ])]",[9.22425 6.43675 2.1485 ],[ 4.95775 -4.71775 -0.3345 ],[-4.65425  2.36825  0.5425 ],[-2.26525  1.02825 -1.1225 ],[-0.80425  1.11025 -1.1195 ],[-0.18525  0.35825  0.1355 ],[1.26475 0.80625 0.3625 ],[-0.27325 -1.13275 -0.0155 ],[1.95975 0.17925 1.5515 ],"[[ 4.95775 -4.71775 -0.3345 ]
 [-4.65425  2.36825  0.5425 ]
 [-2.26525  1.02825 -1.1225 ]
 [-0.80425  1.11025 -1.1195 ]
 [-0.18525  0.35825  0.1355 ]
 [ 1.26475  0.80625  0.3625 ]
 [-0.27325 -1.13275 -0.0155 ]
 [ 1.95975  0.17925  1.5515 ]]",2.7801433815818206
167.0,107.0,109.0,110.0,112.0,113.0,114.0,115.0,B,H,H,H,C,C,C,B,[14.182  1.719  1.814],[4.57  8.805 2.691],[6.959 7.465 1.026],[8.42  7.547 1.029],[ 8.633  6.007 -0.811],[9.039 6.795 2.284],[10.489  7.243  2.511],[8.951 5.304 2.133],"[array([14.182,  1.719,  1.814]), array([4.57 , 8.805, 2.691]), array([6.959, 7.465, 1.026]), array([8.42 , 7.547, 1.029]), array([ 8.633,  6.007, -0.811]), array([9.039, 6.795, 2.284]), array([10.489,  7.243,  2.511]), array([8.951, 5.304, 2.133])]",[8.905375 6.360625 1.584625],[ 5.276625 -4.641625  0.229375],[-4.335375  2.444375  1.106375],[-1.946375  1.104375 -0.558625],[-0.485375  1.186375 -0.555625],[-0.272375 -0.353625 -2.395625],[0.133625 0.434375 0.699375],[1.583625 0.882375 0.926375],[ 0.045625 -1.056625  0.548375],"[[ 5.276625 -4.641625  0.229375]
 [-4.335375  2.444375  1.106375]
 [-1.946375  1.104375 -0.558625]
 [-0.485375  1.186375 -0.555625]
 [-0.272375 -0.353625 -2.395625]
 [ 0.133625  0.434375  0.699375]
 [ 1.583625  0.882375  0.926375]
 [ 0.045625 -1.056625  0.548375]]",2.7914397395449972
167.0,107.0,109.0,110.0,111.0,112.0,113.0,115.0,B,H,H,H,H,C,C,B,[14.182  1.719  1.814],[4.57  8.805 2.691],[6.959 7.465 1.026],[8.42  7.547 1.029],[ 9.036  7.033 -0.278],[ 8.633  6.007 -0.811],[9.039 6.795 2.284],[8.951 5.304 2.133],"[array([14.182,  1.719,  1.814]), array([4.57 , 8.805, 2.691]), array([6.959, 7.465, 1.026]), array([8.42 , 7.547, 1.029]), array([ 9.036,  7.033, -0.278]), array([ 8.633,  6.007, -0.811]), array([9.039, 6.795, 2.284]), array([8.951, 5.304, 2.133])]",[8.72375  6.334375 1.236   ],[ 5.45825  -4.615375  0.578   ],[-4.15375   2.470625  1.455   ],[-1.76475   1.130625 -0.21    ],[-0.30375   1.212625 -0.207   ],[ 0.31225   0.698625 -1.514   ],[-0.09075  -0.327375 -2.047   ],[0.31525  0.460625 1.048   ],[ 0.22725  -1.030375  0.897   ],"[[ 5.45825  -4.615375  0.578   ]
 [-4.15375   2.470625  1.455   ]
 [-1.76475   1.130625 -0.21    ]
 [-0.30375   1.212625 -0.207   ]
 [ 0.31225   0.698625 -1.514   ]
 [-0.09075  -0.327375 -2.047   ]
 [ 0.31525   0.460625  1.048   ]
 [ 0.22725  -1.030375  0.897   ]]",2.741966348835264
167.0,107.0,109.0,110.0,111.0,112.0,113.0,114.0,B,H,H,H,H,C,C,C,[14.182  1.719  1.814],[4.57  8.805 2.691],[6.959 7.465 1.026],[8.42  7.547 1.029],[ 9.036  7.033 -0.278],[ 8.633  6.007 -0.811],[9.039 6.795 2.284],[10.489  7.243  2.511],"[array([14.182,  1.719,  1.814]), array([4.57 , 8.805, 2.691]), array([6.959, 7.465, 1.026]), array([8.42 , 7.547, 1.029]), array([ 9.036,  7.033, -0.278]), array([ 8.633,  6.007, -0.811]), array([9.039, 6.795, 2.284]), array([10.489,  7.243,  2.511])]",[8.916   6.57675 1.28325],[ 5.266   -4.85775  0.53075],[-4.346    2.22825  1.40775],[-1.957    0.88825 -0.25725],[-0.496    0.97025 -0.25425],[ 0.12     0.45625 -1.56125],[-0.283   -0.56975 -2.09425],[0.123   0.21825 1.00075],[1.573   0.66625 1.22775],"[[ 5.266   -4.85775  0.53075]
 [-4.346    2.22825  1.40775]
 [-1.957    0.88825 -0.25725]
 [-0.496    0.97025 -0.25425]
 [ 0.12     0.45625 -1.56125]
 [-0.283   -0.56975 -2.09425]
 [ 0.123    0.21825  1.00075]
 [ 1.573    0.66625  1.22775]]",2.8131604403108312
167.0,107.0,109.0,110.0,111.0,113.0,114.0,115.0,B,H,H,H,H,C,C,B,[14.182  1.719  1.814],[4.57  8.805 2.691],[6.959 7.465 1.026],[8.42  7.547 1.029],[ 9.036  7.033 -0.278],[9.039 6.795 2.284],[10.489  7.243  2.511],[8.951 5.304 2.133],"[array([14.182,  1.719,  1.814]), array([4.57 , 8.805, 2.691]), array([6.959, 7.465, 1.026]), array([8.42 , 7.547, 1.029]), array([ 9.036,  7.033, -0.278]), array([9.039, 6.795, 2.284]), array([10.489,  7.243,  2.511]), array([8.951, 5.304, 2.133])]",[8.95575  6.488875 1.65125 ],[ 5.22625  -4.769875  0.16275 ],[-4.38575   2.316125  1.03975 ],[-1.99675   0.976125 -0.62525 ],[-0.53575   1.058125 -0.62225 ],[ 0.08025   0.544125 -1.92925 ],[0.08325  0.306125 0.63275 ],[1.53325  0.754125 0.85975 ],[-0.00475  -1.184875  0.48175 ],"[[ 5.226250e+00 -4.769875e+00  1.627500e-01]
 [-4.385750e+00  2.316125e+00  1.039750e+00]
 [-1.996750e+00  9.761250e-01 -6.252500e-01]
 [-5.357500e-01  1.058125e+00 -6.222500e-01]
 [ 8.025000e-02  5.441250e-01 -1.929250e+00]
 [ 8.325000e-02  3.061250e-01  6.327500e-01]
 [ 1.533250e+00  7.541250e-01  8.597500e-01]
 [-4.750000e-03 -1.184875e+00  4.817500e-01]]",2.712391406959524
167.0,107.0,109.0,110.0,111.0,112.0,114.0,115.0,B,H,H,H,H,C,C,B,[14.182  1.719  1.814],[4.57  8.805 2.691],[6.959 7.465 1.026],[8.42  7.547 1.029],[ 9.036  7.033 -0.278],[ 8.633  6.007 -0.811],[10.489  7.243  2.511],[8.951 5.304 2.133],"[array([14.182,  1.719,  1.814]), array([4.57 , 8.805, 2.691]), array([6.959, 7.465, 1.026]), array([8.42 , 7.547, 1.029]), array([ 9.036,  7.033, -0.278]), array([ 8.633,  6.007, -0.811]), array([10.489,  7.243,  2.511]), array([8.951, 5.304, 2.133])]",[8.905    6.390375 1.264375],[ 5.277    -4.671375  0.549625],[-4.335     2.414625  1.426625],[-1.946     1.074625 -0.238375],[-0.485     1.156625 -0.235375],[ 0.131     0.642625 -1.542375],[-0.272    -0.383375 -2.075375],[1.584    0.852625 1.246625],[ 0.046    -1.086375  0.868625],"[[ 5.277    -4.671375  0.549625]
 [-4.335     2.414625  1.426625]
 [-1.946     1.074625 -0.238375]
 [-0.485     1.156625 -0.235375]
 [ 0.131     0.642625 -1.542375]
 [-0.272    -0.383375 -2.075375]
 [ 1.584     0.852625  1.246625]
 [ 0.046    -1.086375  0.868625]]",2.89103095008452
166.0,167.0,168.0,169.0,110.0,111.0,113.0,148.0,B,B,C,C,H,H,C,B,[12.234  2.453  2.988],[14.182  1.719  1.814],[12.208  1.27   3.724],[14.186  0.541  2.539],[8.42  7.547 1.029],[ 9.036  7.033 -0.278],[9.039 6.795 2.284],[14.719  7.5   -3.162],"[array([12.234,  2.453,  2.988]), array([14.182,  1.719,  1.814]), array([12.208,  1.27 ,  3.724]), array([14.186,  0.541,  2.539]), array([8.42 , 7.547, 1.029]), array([ 9.036,  7.033, -0.278]), array([9.039, 6.795, 2.284]), array([14.719,  7.5  , -3.162])]",[11.753    4.35725  1.36725],[ 0.481   -1.90425  1.62075],[ 2.429   -2.63825  0.44675],[ 0.455   -3.08725  2.35675],[ 2.433   -3.81625  1.17175],[-3.333    3.18975 -0.33825],[-2.717    2.67575 -1.64525],[-2.714    2.43775  0.91675],[ 2.966    3.14275 -4.52925],"[[ 0.481   -1.90425  1.62075]
 [ 2.429   -2.63825  0.44675]
 [ 0.455   -3.08725  2.35675]
 [ 2.433   -3.81625  1.17175]
 [-3.333    3.18975 -0.33825]
 [-2.717    2.67575 -1.64525]
 [-2.714    2.43775  0.91675]
 [ 2.966    3.14275 -4.52925]]",4.193296860610275
166.0,167.0,168.0,169.0,110.0,111.0,147.0,148.0,B,B,C,C,H,H,C,B,[12.234  2.453  2.988],[14.182  1.719  1.814],[12.208  1.27   3.724],[14.186  0.541  2.539],[8.42  7.547 1.029],[ 9.036  7.033 -0.278],[20.289  9.864 -1.455],[14.719  7.5   -3.162],"[array([12.234,  2.453,  2.988]), array([14.182,  1.719,  1.814]), array([12.208,  1.27 ,  3.724]), array([14.186,  0.541,  2.539]), array([8.42 , 7.547, 1.029]), array([ 9.036,  7.033, -0.278]), array([20.289,  9.864, -1.455]), array([14.719,  7.5  , -3.162])]",[13.15925   4.740875  0.899875],[-0.92525  -2.287875  2.088125],[ 1.02275  -3.021875  0.914125],[-0.95125  -3.470875  2.824125],[ 1.02675  -4.199875  1.639125],[-4.73925   2.806125  0.129125],[-4.12325   2.292125 -1.177875],[ 7.12975   5.123125 -2.354875],[ 1.55975   2.759125 -4.061875],"[[-0.92525  -2.287875  2.088125]
 [ 1.02275  -3.021875  0.914125]
 [-0.95125  -3.470875  2.824125]
 [ 1.02675  -4.199875  1.639125]
 [-4.73925   2.806125  0.129125]
 [-4.12325   2.292125 -1.177875]
 [ 7.12975   5.123125 -2.354875]
 [ 1.55975   2.759125 -4.061875]]",5.045429205483989
166.0,167.0,168.0,169.0,170.0,110.0,111.0,113.0,B,B,C,C,C,H,H,C,[12.234  2.453  2.988],[14.182  1.719  1.814],[12.208  1.27   3.724],[14.186  0.541  2.539],[13.196  0.312  3.507],[8.42  7.547 1.029],[ 9.036  7.033 -0.278],[9.039 6.795 2.284],"[array([12.234,  2.453,  2.988]), array([14.182,  1.719,  1.814]), array([12.208,  1.27 ,  3.724]), array([14.186,  0.541,  2.539]), array([13.196,  0.312,  3.507]), array([8.42 , 7.547, 1.029]), array([ 9.036,  7.033, -0.278]), array([9.039, 6.795, 2.284])]",[11.562625  3.45875   2.200875],[ 0.671375 -1.00575   0.787125],[ 2.619375 -1.73975  -0.386875],[ 0.645375 -2.18875   1.523125],[ 2.623375 -2.91775   0.338125],[ 1.633375 -3.14675   1.306125],[-3.142625  4.08825  -1.171875],[-2.526625  3.57425  -2.478875],[-2.523625  3.33625   0.083125],"[[ 0.671375 -1.00575   0.787125]
 [ 2.619375 -1.73975  -0.386875]
 [ 0.645375 -2.18875   1.523125]
 [ 2.623375 -2.91775   0.338125]
 [ 1.633375 -3.14675   1.306125]
 [-3.142625  4.08825  -1.171875]
 [-2.526625  3.57425  -2.478875]
 [-2.523625  3.33625   0.083125]]",3.6966938555753397
107.0,108.0,109.0,110.0,111.0,112.0,113.0,114.0,H,H,H,H,H,C,C,C,[4.57  8.805 2.691],[ 4.913 10.625  1.926],[6.959 7.465 1.026],[8.42  7.547 1.029],[ 9.036  7.033 -0.278],[ 8.633  6.007 -0.811],[9.039 6.795 2.284],[10.489  7.243  2.511],"[array([4.57 , 8.805, 2.691]), array([ 4.913, 10.625,  1.926]), array([6.959, 7.465, 1.026]), array([8.42 , 7.547, 1.029]), array([ 9.036,  7.033, -0.278]), array([ 8.633,  6.007, -0.811]), array([9.039, 6.795, 2.284]), array([10.489,  7.243,  2.511])]",[7.757375 7.69     1.29725 ],[-3.187375  1.115     1.39375 ],[-2.844375  2.935     0.62875 ],[-0.798375 -0.225    -0.27125 ],[ 0.662625 -0.143    -0.26825 ],[ 1.278625 -0.657    -1.57525 ],[ 0.875625 -1.683    -2.10825 ],[ 1.281625 -0.895     0.98675 ],[ 2.731625 -0.447     1.21375 ],"[[-3.187375  1.115     1.39375 ]
 [-2.844375  2.935     0.62875 ]
 [-0.798375 -0.225    -0.27125 ]
 [ 0.662625 -0.143    -0.26825 ]
 [ 1.278625 -0.657    -1.57525 ]
 [ 0.875625 -1.683    -2.10825 ]
 [ 1.281625 -0.895     0.98675 ]
 [ 2.731625 -0.447     1.21375 ]]",2.4037219466973223
107.0,109.0,110.0,111.0,112.0,113.0,114.0,115.0,H,H,H,H,C,C,C,B,[4.57  8.805 2.691],[6.959 7.465 1.026],[8.42  7.547 1.029],[ 9.036  7.033 -0.278],[ 8.633  6.007 -0.811],[9.039 6.795 2.284],[10.489  7.243  2.511],[8.951 5.304 2.133],"[array([4.57 , 8.805, 2.691]), array([6.959, 7.465, 1.026]), array([8.42 , 7.547, 1.029]), array([ 9.036,  7.033, -0.278]), array([ 8.633,  6.007, -0.811]), array([9.039, 6.795, 2.284]), array([10.489,  7.243,  2.511]), array([8.951, 5.304, 2.133])]",[8.262125 7.024875 1.323125],[-3.692125  1.780125  1.367875],[-1.303125  0.440125 -0.297125],[ 0.157875  0.522125 -0.294125],[ 0.773875  0.008125 -1.601125],[ 0.370875 -1.017875 -2.134125],[ 0.776875 -0.229875  0.960875],[2.226875 0.218125 1.187875],[ 0.688875 -1.720875  0.809875],"[[-3.692125  1.780125  1.367875]
 [-1.303125  0.440125 -0.297125]
 [ 0.157875  0.522125 -0.294125]
 [ 0.773875  0.008125 -1.601125]
 [ 0.370875 -1.017875 -2.134125]
 [ 0.776875 -0.229875  0.960875]
 [ 2.226875  0.218125  1.187875]
 [ 0.688875 -1.720875  0.809875]]",2.041580400844283
106.0,107.0,109.0,110.0,111.0,112.0,114.0,115.0,H,H,H,H,H,C,C,B,[2.748 9.908 0.762],[4.57  8.805 2.691],[6.959 7.465 1.026],[8.42  7.547 1.029],[ 9.036  7.033 -0.278],[ 8.633  6.007 -0.811],[10.489  7.243  2.511],[8.951 5.304 2.133],"[array([2.748, 9.908, 0.762]), array([4.57 , 8.805, 2.691]), array([6.959, 7.465, 1.026]), array([8.42 , 7.547, 1.029]), array([ 9.036,  7.033, -0.278]), array([ 8.633,  6.007, -0.811]), array([10.489,  7.243,  2.511]), array([8.951, 5.304, 2.133])]",[7.47575  7.414    1.132875],[-4.72775   2.494    -0.370875],[-2.90575   1.391     1.558125],[-0.51675   0.051    -0.106875],[ 0.94425   0.133    -0.103875],[ 1.56025  -0.381    -1.410875],[ 1.15725  -1.407    -1.943875],[ 3.01325  -0.171     1.378125],[ 1.47525  -2.11      1.000125],"[[-4.72775   2.494    -0.370875]
 [-2.90575   1.391     1.558125]
 [-0.51675   0.051    -0.106875]
 [ 0.94425   0.133    -0.103875]
 [ 1.56025  -0.381    -1.410875]
 [ 1.15725  -1.407    -1.943875]
 [ 3.01325  -0.171     1.378125]
 [ 1.47525  -2.11      1.000125]]",2.6634710215214588
106.0,107.0,108.0,109.0,110.0,111.0,112.0,114.0,H,H,H,H,H,H,C,C,[2.748 9.908 0.762],[4.57  8.805 2.691],[ 4.913 10.625  1.926],[6.959 7.465 1.026],[8.42  7.547 1.029],[ 9.036  7.033 -0.278],[ 8.633  6.007 -0.811],[10.489  7.243  2.511],"[array([2.748, 9.908, 0.762]), array([4.57 , 8.805, 2.691]), array([ 4.913, 10.625,  1.926]), array([6.959, 7.465, 1.026]), array([8.42 , 7.547, 1.029]), array([ 9.036,  7.033, -0.278]), array([ 8.633,  6.007, -0.811]), array([10.489,  7.243,  2.511])]",[6.971    8.079125 1.107   ],[-4.223     1.828875 -0.345   ],[-2.401     0.725875  1.584   ],[-2.058     2.545875  0.819   ],[-0.012    -0.614125 -0.081   ],[ 1.449    -0.532125 -0.078   ],[ 2.065    -1.046125 -1.385   ],[ 1.662    -2.072125 -1.918   ],[ 3.518    -0.836125  1.404   ],"[[-4.223     1.828875 -0.345   ]
 [-2.401     0.725875  1.584   ]
 [-2.058     2.545875  0.819   ]
 [-0.012    -0.614125 -0.081   ]
 [ 1.449    -0.532125 -0.078   ]
 [ 2.065    -1.046125 -1.385   ]
 [ 1.662    -2.072125 -1.918   ]
 [ 3.518    -0.836125  1.404   ]]",2.8717715804153565
