atom_number,atom_name,residue_name,residue_number,vector
1,N,LEU,82,[28.39  57.093 26.056]
2,CA,LEU,82,[28.952 56.593 24.813]
3,C,LEU,82,[28.021 57.009 23.678]
4,O,LEU,82,[26.799 56.967 23.818]
5,CB,LEU,82,[29.102 55.062 24.877]
6,CG,LEU,82,[30.441 54.438 24.445]
7,CD1,LEU,82,[30.685 53.135 25.218]
8,CD2,LEU,82,[30.483 54.202 22.935]
9,N,LYS,83,[28.613 57.383 22.548]
10,CA,LYS,83,[27.877 57.84  21.376]
11,C,LYS,83,[27.021 56.818 20.618]
12,O,LYS,83,[26.983 56.808 19.387]
13,CB,LYS,83,[28.825 58.591 20.43 ]
14,CG,LYS,83,[29.306 59.936 21.003]
15,CD,LYS,83,[30.777 60.196 20.683]
16,CE,LYS,83,[31.275 61.503 21.289]
17,NZ,LYS,83,[32.763 61.635 21.232]
18,N,ASN,84,[26.315 55.977 21.366]
19,CA,ASN,84,[25.404 54.999 20.779]
20,C,ASN,84,[24.059 55.732 20.774]
21,O,ASN,84,[23.021 55.189 20.395]
22,CB,ASN,84,[25.329 53.742 21.662]
23,CG,ASN,84,[24.332 52.706 21.139]
24,OD1,ASN,84,[24.648 51.91  20.249]
25,ND2,ASN,84,[23.123 52.709 21.701]
26,N,LEU,85,[24.098 56.975 21.245]
27,CA,LEU,85,[22.929 57.825 21.316]
28,C,LEU,85,[22.708 58.566 20.005]
29,O,LEU,85,[21.608 59.065 19.763]
30,CB,LEU,85,[23.063 58.795 22.483]
31,CG,LEU,85,[23.058 58.023 23.806]
32,CD1,LEU,85,[23.518 58.918 24.934]
33,CD2,LEU,85,[21.68  57.422 24.079]
34,N,VAL,86,[23.746 58.641 19.17 ]
35,CA,VAL,86,[23.629 59.291 17.866]
36,C,VAL,86,[23.166 58.265 16.83 ]
37,O,VAL,86,[23.802 57.229 16.639]
38,CB,VAL,86,[24.95  59.901 17.4  ]
39,CG1,VAL,86,[24.747 60.618 16.069]
40,CG2,VAL,86,[25.476 60.86  18.442]
41,N,LEU,87,[22.057 58.576 16.165]
42,CA,LEU,87,[21.464 57.706 15.161]
43,C,LEU,87,[21.797 58.104 13.715]
44,O,LEU,87,[21.86  57.243 12.825]
45,CB,LEU,87,[19.943 57.659 15.354]
46,CG,LEU,87,[19.36  56.759 16.449]
47,CD1,LEU,87,[20.099 56.933 17.758]
48,CD2,LEU,87,[17.874 57.048 16.638]
49,N,ASP,88,[22.019 59.392 13.472]
50,CA,ASP,88,[22.313 59.828 12.115]
51,C,ASP,88,[22.729 61.295 12.02 ]
52,O,ASP,88,[22.388 62.09  12.894]
53,CB,ASP,88,[21.081 59.577 11.242]
54,CG,ASP,88,[21.221 60.147  9.858]
55,OD1,ASP,88,[21.916 59.538  9.014]
56,OD2,ASP,88,[20.624 61.213  9.617]
57,N,ILE,89,[23.549 61.62  11.019]
58,CA,ILE,89,[23.99  62.993 10.766]
59,C,ILE,89,[23.773 63.049  9.277]
60,O,ILE,89,[24.182 62.13   8.573]
61,CB,ILE,89,[25.506 63.222 10.947]
62,CG1,ILE,89,[26.057 62.518 12.192]
63,CG2,ILE,89,[25.802 64.708 10.984]
64,CD1,ILE,89,[25.507 62.993 13.518]
65,N,ASP,90,[23.068 64.062  8.8  ]
66,CA,ASP,90,[22.822 64.21   7.369]
67,C,ASP,90,[22.791 65.704  7.143]
68,O,ASP,90,[22.928 66.469  8.095]
69,CB,ASP,90,[21.504 63.548  6.928]
70,CG,ASP,90,[21.453 63.249  5.404]
71,OD1,ASP,90,[22.3   63.738  4.619]
72,OD2,ASP,90,[20.548 62.508  4.978]
73,N,TYR,91,[22.609 66.132  5.901]
74,CA,TYR,91,[22.615 67.556  5.612]
75,C,TYR,91,[21.829 67.977  4.38 ]
76,O,TYR,91,[21.285 67.138  3.64 ]
77,CB,TYR,91,[24.064 68.055  5.49 ]
78,CG,TYR,91,[24.812 67.565  4.258]
79,CD1,TYR,91,[24.298 66.55   3.441]
80,CD2,TYR,91,[26.011 68.155  3.884]
81,CE1,TYR,91,[24.957 66.156  2.287]
82,CE2,TYR,91,[26.676 67.764  2.739]
83,CZ,TYR,91,[26.149 66.771  1.939]
84,OH,TYR,91,[26.813 66.429  0.772]
85,N,ASN,92,[21.799 69.295  4.192]
86,CA,ASN,92,[21.135 69.95   3.091]
87,C,ASN,92,[21.783 71.317  2.934]
88,O,ASN,92,[22.872 71.546  3.448]
89,CB,ASN,92,[19.611 70.025  3.301]
90,CG,ASN,92,[19.195 70.931  4.435]
91,OD1,ASN,92,[19.973 71.736  4.932]
92,ND2,ASN,92,[17.937 70.851  4.799]
93,N,ASP,93,[21.116 72.233  2.256]
94,CA,ASP,93,[21.684 73.547  2.007]
95,C,ASP,93,[21.622 74.538  3.157]
96,O,ASP,93,[22.136 75.657  3.038]
97,CB,ASP,93,[21.002 74.191  0.793]
98,CG,ASP,93,[21.017 73.308 -0.443]
99,OD1,ASP,93,[21.955 72.489 -0.607]
100,OD2,ASP,93,[20.083 73.458 -1.264]
101,N,ALA,94,[20.944 74.18   4.239]
102,CA,ALA,94,[20.828 75.109  5.358]
103,C,ALA,94,[21.361 74.635  6.717]
104,O,ALA,94,[21.95  75.423  7.453]
105,CB,ALA,94,[19.383 75.593  5.492]
106,N,VAL,95,[21.177 73.365  7.056]
107,CA,VAL,95,[21.634 72.882  8.349]
108,C,VAL,95,[22.136 71.462  8.258]
109,O,VAL,95,[22.062 70.827  7.211]
110,CB,VAL,95,[20.476 72.872  9.398]
111,CG1,VAL,95,[20.111 74.273  9.837]
112,CG2,VAL,95,[19.247 72.171  8.823]
113,N,VAL,96,[22.65  70.982  9.387]
114,CA,VAL,96,[23.13  69.622  9.537]
115,C,VAL,96,[22.209 69.076 10.624]
116,O,VAL,96,[22.017 69.722 11.646]
117,CB,VAL,96,[24.603 69.583 10.033]
118,CG1,VAL,96,[25.119 68.143 10.077]
119,CG2,VAL,96,[25.489 70.448  9.135]
120,N,VAL,97,[21.561 67.952 10.356]
121,CA,VAL,97,[20.675 67.334 11.327]
122,C,VAL,97,[21.344 66.109 11.928]
123,O,VAL,97,[22.002 65.335 11.229]
124,CB,VAL,97,[19.343 66.885 10.701]
125,CG1,VAL,97,[18.384 66.41  11.78 ]
126,CG2,VAL,97,[18.727 68.028  9.929]
127,N,ILE,98,[21.183 65.958 13.237]
128,CA,ILE,98,[21.731 64.833 13.968]
129,C,ILE,98,[20.591 64.234 14.745]
130,O,ILE,98,[20.12  64.847 15.689]
131,CB,ILE,98,[22.752 65.27  14.996]
132,CG1,ILE,98,[23.896 66.017 14.309]
133,CG2,ILE,98,[23.193 64.054 15.806]
134,CD1,ILE,98,[24.683 66.92  15.214]
135,N,HIS,99,[20.062 63.106 14.304]
136,CA,HIS,99,[18.986 62.506 15.048]
137,C,HIS,99,[19.667 61.776 16.174]
138,O,HIS,99,[20.701 61.132 15.993]
139,CB,HIS,99,[18.135 61.577 14.205]
140,CG,HIS,99,[17.251 62.279 13.22 ]
141,ND1,HIS,99,[17.786 63.034 12.198]
142,CD2,HIS,99,[15.921 62.134 13.012]
143,CE1,HIS,99,[16.777 63.31  11.394]
144,NE2,HIS,99,[15.624 62.788 11.841]
145,N,THR,100,[19.021 61.863 17.325]
146,CA,THR,100,[19.483 61.346 18.597]
147,C,THR,100,[18.417 60.474 19.253]
148,O,THR,100,[17.24  60.539 18.9  ]
149,CB,THR,100,[19.776 62.574 19.499]
150,OG1,THR,100,[21.181 62.853 19.521]
151,CG2,THR,100,[19.261 62.4   20.877]
152,N,SER,101,[18.836 59.649 20.206]
153,CA,SER,101,[17.906 58.791 20.94 ]
154,C,SER,101,[17.022 59.719 21.77 ]
155,O,SER,101,[17.349 60.882 21.962]
156,CB,SER,101,[18.678 57.872 21.901]
157,OG,SER,101,[19.753 57.218 21.249]
158,N,PRO,102,[15.891 59.222 22.273]
159,CA,PRO,102,[15.055 60.119 23.073]
160,C,PRO,102,[15.803 60.743 24.282]
161,O,PRO,102,[16.313 60.021 25.139]
162,CB,PRO,102,[13.92  59.195 23.507]
163,CG,PRO,102,[13.79  58.264 22.332]
164,CD,PRO,102,[15.214 57.938 22.019]
165,N,GLY,103,[15.916 62.077 24.301]
166,CA,GLY,103,[16.569 62.787 25.396]
167,C,GLY,103,[18.03  63.186 25.258]
168,O,GLY,103,[18.452 64.227 25.784]
169,N,ALA,104,[18.799 62.376 24.535]
170,CA,ALA,104,[20.219 62.608 24.339]
171,C,ALA,104,[20.538 63.833 23.513]
172,O,ALA,104,[21.705 64.178 23.369]
173,CB,ALA,104,[20.843 61.399 23.707]
174,N,ALA,105,[19.517 64.504 22.986]
175,CA,ALA,105,[19.739 65.679 22.144]
176,C,ALA,105,[20.5   66.826 22.796]
177,O,ALA,105,[21.447 67.346 22.199]
178,CB,ALA,105,[18.441 66.178 21.558]
179,N,GLN,106,[20.129 67.224 24.013]
180,CA,GLN,106,[20.846 68.336 24.648]
181,C,GLN,106,[22.304 67.995 25.027]
182,O,GLN,106,[23.199 68.851 24.914]
183,CB,GLN,106,[20.054 68.888 25.85 ]
184,CG,GLN,106,[18.81  69.72  25.471]
185,CD,GLN,106,[19.136 71.164 25.089]
186,OE1,GLN,106,[20.17  71.69  25.473]
187,NE2,GLN,106,[18.224 71.825 24.389]
188,N,LEU,107,[22.534 66.737 25.423]
189,CA,LEU,107,[23.853 66.222 25.827]
190,C,LEU,107,[24.79  66.211 24.616]
191,O,LEU,107,[25.892 66.772 24.652]
192,CB,LEU,107,[23.692 64.794 26.35 ]
193,CG,LEU,107,[24.597 64.162 27.405]
194,CD1,LEU,107,[24.519 62.653 27.205]
195,CD2,LEU,107,[26.035 64.624 27.302]
196,N,ILE,108,[24.356 65.534 23.556]
197,CA,ILE,108,[25.127 65.468 22.321]
198,C,ILE,108,[25.32  66.904 21.808]
199,O,ILE,108,[26.421 67.281 21.434]
200,CB,ILE,108,[24.418 64.588 21.246]
201,CG1,ILE,108,[24.421 63.111 21.67 ]
202,CG2,ILE,108,[25.049 64.778 19.885]
203,CD1,ILE,108,[25.772 62.569 22.144]
204,N,ALA,109,[24.273 67.726 21.869]
205,CA,ALA,109,[24.369 69.113 21.415]
206,C,ALA,109,[25.362 69.917 22.247]
207,O,ALA,109,[25.992 70.849 21.742]
208,CB,ALA,109,[23.018 69.775 21.443]
209,N,ARG,110,[25.498 69.575 23.525]
210,CA,ARG,110,[26.438 70.296 24.355]
211,C,ARG,110,[27.847 70.024 23.845]
212,O,ARG,110,[28.749 70.842 24.028]
213,CB,ARG,110,[26.3   69.92  25.823]
214,CG,ARG,110,[26.969 70.94  26.708]
215,CD,ARG,110,[26.524 70.85  28.138]
216,NE,ARG,110,[27.532 70.228 28.986]
217,CZ,ARG,110,[27.602 68.924 29.227]
218,NH1,ARG,110,[26.725 68.091 28.678]
219,NH2,ARG,110,[28.521 68.458 30.064]
220,N,LEU,111,[28.009 68.9   23.149]
221,CA,LEU,111,[29.289 68.498 22.559]
222,C,LEU,111,[29.64  69.464 21.409]
223,O,LEU,111,[30.753 69.975 21.339]
224,CB,LEU,111,[29.172 67.048 22.06 ]
225,CG,LEU,111,[30.337 66.167 21.595]
226,CD1,LEU,111,[29.839 64.737 21.401]
227,CD2,LEU,111,[30.941 66.691 20.307]
228,N,LEU,112,[28.653 69.778 20.569]
229,CA,LEU,112,[28.832 70.685 19.429]
230,C,LEU,112,[29.17  72.126 19.838]
231,O,LEU,112,[29.764 72.881 19.075]
232,CB,LEU,112,[27.582 70.665 18.534]
233,CG,LEU,112,[27.297 69.409 17.691]
234,CD1,LEU,112,[27.249 68.16  18.531]
235,CD2,LEU,112,[25.98  69.557 16.963]
236,N,ASP,113,[28.811 72.503 21.055]
237,CA,ASP,113,[29.092 73.848 21.543]
238,C,ASP,113,[30.549 73.98  21.981]
239,O,ASP,113,[30.99  75.051 22.381]
240,CB,ASP,113,[28.145 74.215 22.696]
241,CG,ASP,113,[26.681 74.339 22.252]
242,OD1,ASP,113,[26.437 74.844 21.134]
243,OD2,ASP,113,[25.778 73.94  23.027]
244,N,SER,114,[31.299 72.886 21.9  ]
245,CA,SER,114,[32.71  72.903 22.268]
246,C,SER,114,[33.538 73.413 21.089]
247,O,SER,114,[34.593 74.023 21.284]
248,CB,SER,114,[33.177 71.497 22.64 ]
249,OG,SER,114,[33.216 70.667 21.495]
250,N,LEU,115,[33.032 73.164 19.876]
251,CA,LEU,115,[33.681 73.55  18.616]
252,C,LEU,115,[33.642 75.035 18.296]
253,O,LEU,115,[34.643 75.605 17.85 ]
254,CB,LEU,115,[33.079 72.787 17.435]
255,CG,LEU,115,[33.382 71.301 17.349]
256,CD1,LEU,115,[34.883 71.096 17.393]
257,CD2,LEU,115,[32.714 70.586 18.496]
258,N,GLY,116,[32.469 75.641 18.447]
259,CA,GLY,116,[32.324 77.063 18.176]
260,C,GLY,116,[32.717 77.567 16.79 ]
261,O,GLY,116,[32.865 76.791 15.838]
262,N,LYS,117,[32.888 78.885 16.687]
263,CA,LYS,117,[33.254 79.542 15.434]
264,C,LYS,117,[34.667 79.208 15.004]
265,O,LYS,117,[35.099 79.549 13.902]
266,CB,LYS,117,[33.094 81.058 15.564]
267,CG,LYS,117,[31.646 81.507 15.617]
268,CD,LYS,117,[31.532 83.006 15.785]
269,CE,LYS,117,[30.082 83.434 15.919]
270,NZ,LYS,117,[29.991 84.902 16.144]
271,N,ALA,118,[35.394 78.579 15.913]
272,CA,ALA,118,[36.756 78.167 15.654]
273,C,ALA,118,[36.681 77.204 14.493]
274,O,ALA,118,[37.148 77.501 13.403]
275,CB,ALA,118,[37.325 77.459 16.89 ]
276,N,GLU,119,[35.969 76.104 14.733]
277,CA,GLU,119,[35.776 75.018 13.777]
278,C,GLU,119,[34.617 75.204 12.796]
279,O,GLU,119,[34.093 74.233 12.238]
280,CB,GLU,119,[35.605 73.708 14.539]
281,CG,GLU,119,[36.805 73.322 15.381]
282,CD,GLU,119,[37.503 72.084 14.852]
283,OE1,GLU,119,[36.897 70.995 14.923]
284,OE2,GLU,119,[38.655 72.198 14.367]
285,N,GLY,120,[34.208 76.453 12.607]
286,CA,GLY,120,[33.138 76.766 11.675]
287,C,GLY,120,[31.694 76.575 12.105]
288,O,GLY,120,[30.817 76.353 11.261]
289,N,ILE,121,[31.41  76.708 13.391]
290,CA,ILE,121,[30.041 76.541 13.824]
291,C,ILE,121,[29.403 77.878 14.15 ]
292,O,ILE,121,[29.995 78.709 14.831]
293,CB,ILE,121,[29.962 75.598 15.007]
294,CG1,ILE,121,[30.714 74.312 14.67 ]
295,CG2,ILE,121,[28.519 75.292 15.329]
296,CD1,ILE,121,[30.094 73.077 15.247]
297,N,LEU,122,[28.216 78.114 13.611]
298,CA,LEU,122,[27.527 79.363 13.872]
299,C,LEU,122,[26.62  79.186 15.075]
300,O,LEU,122,[26.388 80.129 15.84 ]
301,CB,LEU,122,[26.716 79.793 12.657]
302,CG,LEU,122,[26.049 81.164 12.742]
303,CD1,LEU,122,[27.05  82.238 13.173]
304,CD2,LEU,122,[25.452 81.487 11.388]
305,N,GLY,123,[26.114 77.971 15.246]
306,CA,GLY,123,[25.249 77.706 16.369]
307,C,GLY,123,[24.529 76.393 16.211]
308,O,GLY,123,[24.493 75.808 15.124]
309,N,THR,124,[23.964 75.932 17.317]
310,CA,THR,124,[23.24  74.682 17.346]
311,C,THR,124,[22.122 74.729 18.406]
312,O,THR,124,[22.302 75.337 19.471]
313,CB,THR,124,[24.262 73.471 17.505]
314,OG1,THR,124,[23.725 72.428 18.33 ]
315,CG2,THR,124,[25.605 73.944 18.055]
316,N,ILE,125,[20.93  74.267 18.006]
317,CA,ILE,125,[19.736 74.18  18.854]
318,C,ILE,125,[19.331 72.719 18.876]
319,O,ILE,125,[19.34  72.035 17.836]
320,CB,ILE,125,[18.52  74.95  18.295]
321,CG1,ILE,125,[18.33  74.617 16.814]
322,CG2,ILE,125,[18.643 76.449 18.551]
323,CD1,ILE,125,[17.074 75.166 16.237]
324,N,ALA,126,[18.97  72.234 20.055]
325,CA,ALA,126,[18.579 70.855 20.182]
326,C,ALA,126,[17.164 70.763 20.672]
327,O,ALA,126,[16.682 71.638 21.375]
328,CB,ALA,126,[19.494 70.159 21.136]
329,N,GLY,127,[16.493 69.695 20.291]
330,CA,GLY,127,[15.133 69.486 20.737]
331,C,GLY,127,[15.153 68.35  21.737]
332,O,GLY,127,[15.877 68.4   22.722]
333,N,ASP,128,[14.417 67.293 21.44 ]
334,CA,ASP,128,[14.339 66.128 22.305]
335,C,ASP,128,[15.161 64.994 21.71 ]
336,O,ASP,128,[15.742 64.195 22.429]
337,CB,ASP,128,[12.872 65.701 22.451]
338,CG,ASP,128,[12.643 64.749 23.603]
339,OD1,ASP,128,[13.281 64.926 24.67 ]
340,OD2,ASP,128,[11.801 63.834 23.443]
341,N,ASP,129,[15.219 64.929 20.39 ]
342,CA,ASP,129,[15.975 63.886 19.728]
343,C,ASP,129,[16.469 64.314 18.354]
344,O,ASP,129,[16.761 63.474 17.51 ]
345,CB,ASP,129,[15.155 62.605 19.641]
346,CG,ASP,129,[13.827 62.787 18.931]
347,OD1,ASP,129,[13.705 63.617 18.012]
348,OD2,ASP,129,[12.89  62.047 19.273]
349,N,THR,130,[16.513 65.627 18.132]
350,CA,THR,130,[16.99  66.205 16.878]
351,C,THR,130,[17.785 67.46  17.215]
352,O,THR,130,[17.52  68.121 18.215]
353,CB,THR,130,[15.833 66.555 15.919]
354,OG1,THR,130,[14.984 65.41  15.761]
355,CG2,THR,130,[16.376 66.969 14.53 ]
356,N,ILE,131,[18.798 67.733 16.406]
357,CA,ILE,131,[19.689 68.875 16.58 ]
358,C,ILE,131,[19.848 69.544 15.216]
359,O,ILE,131,[19.915 68.852 14.209]
360,CB,ILE,131,[21.104 68.399 16.975]
361,CG1,ILE,131,[21.047 67.494 18.197]
362,CG2,ILE,131,[22.049 69.589 17.158]
363,CD1,ILE,131,[22.375 66.823 18.522]
364,N,PHE,132,[19.817 70.867 15.152]
365,CA,PHE,132,[20.043 71.528 13.87 ]
366,C,PHE,132,[21.332 72.274 14.14 ]
367,O,PHE,132,[21.562 72.717 15.262]
368,CB,PHE,132,[18.935 72.547 13.505]
369,CG,PHE,132,[17.719 71.954 12.79 ]
370,CD1,PHE,132,[17.42  70.575 12.849]
371,CD2,PHE,132,[16.84  72.797 12.112]
372,CE1,PHE,132,[16.251 70.057 12.247]
373,CE2,PHE,132,[15.689 72.301 11.517]
374,CZ,PHE,132,[15.39  70.935 11.584]
375,N,THR,133,[22.212 72.347 13.155]
376,CA,THR,133,[23.444 73.081 13.334]
377,C,THR,133,[23.794 73.709 11.99 ]
378,O,THR,133,[23.462 73.156 10.941]
379,CB,THR,133,[24.529 72.172 13.95 ]
380,OG1,THR,133,[25.825 72.774 13.825]
381,CG2,THR,133,[24.49  70.789 13.355]
382,N,THR,134,[24.335 74.923 12.016]
383,CA,THR,134,[24.671 75.645 10.784]
384,C,THR,134,[26.106 76.156 10.83 ]
385,O,THR,134,[26.588 76.537 11.889]
386,CB,THR,134,[23.706 76.868 10.54 ]
387,OG1,THR,134,[23.42  77.533 11.774]
388,CG2,THR,134,[22.419 76.427  9.952]
389,N,PRO,135,[26.792 76.211  9.679]
390,CA,PRO,135,[28.179 76.683  9.592]
391,C,PRO,135,[28.315 78.209  9.725]
392,O,PRO,135,[27.399 78.949  9.357]
393,CB,PRO,135,[28.581 76.239  8.199]
394,CG,PRO,135,[27.316 76.487  7.444]
395,CD,PRO,135,[26.293 75.845  8.347]
396,N,ALA,136,[29.446 78.667 10.269]
397,CA,ALA,136,[29.711 80.093 10.424]
398,C,ALA,136,[29.954 80.656  9.033]
399,O,ALA,136,[29.937 79.907  8.066]
400,CB,ALA,136,[30.927 80.311 11.304]
401,N,ASN,137,[30.142 81.967  8.912]
402,CA,ASN,137,[30.398 82.57   7.591]
403,C,ASN,137,[31.604 81.925  6.915]
404,O,ASN,137,[32.58  81.574  7.572]
405,CB,ASN,137,[30.652 84.082  7.709]
406,CG,ASN,137,[31.143 84.716  6.387]
407,OD1,ASN,137,[30.701 84.343  5.291]
408,ND2,ASN,137,[32.057 85.681  6.496]
409,N,GLY,138,[31.538 81.766  5.601]
410,CA,GLY,138,[32.658 81.184  4.89 ]
411,C,GLY,138,[32.619 79.682  4.775]
412,O,GLY,138,[32.875 79.16   3.691]
413,N,PHE,139,[32.343 78.974  5.865]
414,CA,PHE,139,[32.281 77.519  5.794]
415,C,PHE,139,[30.975 77.112  5.124]
416,O,PHE,139,[29.986 77.847  5.177]
417,CB,PHE,139,[32.361 76.894  7.185]
418,CG,PHE,139,[33.599 77.264  7.941]
419,CD1,PHE,139,[33.855 78.604  8.281]
420,CD2,PHE,139,[34.521 76.287  8.303]
421,CE1,PHE,139,[35.012 78.968  8.969]
422,CE2,PHE,139,[35.686 76.635  8.991]
423,CZ,PHE,139,[35.931 77.984  9.324]
424,N,THR,140,[30.99  75.976  4.438]
425,CA,THR,140,[29.796 75.481  3.77 ]
426,C,THR,140,[29.217 74.476  4.739]
427,O,THR,140,[29.857 74.152  5.735]
428,CB,THR,140,[30.134 74.749  2.465]
429,OG1,THR,140,[30.773 73.503  2.77 ]
430,CG2,THR,140,[31.044 75.591  1.602]
431,N,VAL,141,[28.038 73.942  4.431]
432,CA,VAL,141,[27.417 72.956  5.307]
433,C,VAL,141,[28.19  71.663  5.225]
434,O,VAL,141,[28.279 70.947  6.222]
435,CB,VAL,141,[25.955 72.674  4.94 ]
436,CG1,VAL,141,[25.377 71.6    5.862]
437,CG2,VAL,141,[25.151 73.946  5.04 ]
438,N,LYS,142,[28.751 71.38   4.042]
439,CA,LYS,142,[29.54  70.165  3.797]
440,C,LYS,142,[30.738 70.138  4.723]
441,O,LYS,142,[31.106 69.088  5.251]
442,CB,LYS,142,[30.028 70.12   2.351]
443,CG,LYS,142,[30.801 68.842  1.989]
444,CD,LYS,142,[31.597 68.973  0.661]
445,CE,LYS,142,[32.856 69.886  0.745]
446,NZ,LYS,142,[32.59  71.359  0.85 ]
447,N,ASP,143,[31.35  71.305  4.895]
448,CA,ASP,143,[32.506 71.458  5.767]
449,C,ASP,143,[32.109 71.217  7.201]
450,O,ASP,143,[32.779 70.475  7.909]
451,CB,ASP,143,[33.086 72.858  5.628]
452,CG,ASP,143,[33.49  73.174  4.205]
453,OD1,ASP,143,[33.488 72.249  3.361]
454,OD2,ASP,143,[33.814 74.345  3.919]
455,N,LEU,144,[31.009 71.843  7.612]
456,CA,LEU,144,[30.472 71.717  8.962]
457,C,LEU,144,[30.094 70.264  9.227]
458,O,LEU,144,[30.268 69.751 10.338]
459,CB,LEU,144,[29.245 72.616  9.106]
460,CG,LEU,144,[28.914 73.293 10.446]
461,CD1,LEU,144,[27.636 72.712 11.025]
462,CD2,LEU,144,[30.081 73.211 11.431]
463,N,TYR,145,[29.605 69.595  8.191]
464,CA,TYR,145,[29.215 68.196  8.288]
465,C,TYR,145,[30.43  67.366  8.623]
466,O,TYR,145,[30.412 66.592  9.566]
467,CB,TYR,145,[28.639 67.724  6.969]
468,CG,TYR,145,[28.342 66.264  6.935]
469,CD1,TYR,145,[27.377 65.72   7.764]
470,CD2,TYR,145,[29.    65.423  6.048]
471,CE1,TYR,145,[27.059 64.368  7.716]
472,CE2,TYR,145,[28.693 64.066  5.988]
473,CZ,TYR,145,[27.716 63.547  6.827]
474,OH,TYR,145,[27.381 62.215  6.768]
475,N,GLU,146,[31.489 67.523  7.84 ]
476,CA,GLU,146,[32.709 66.78   8.092]
477,C,GLU,146,[33.392 67.148  9.394]
478,O,GLU,146,[34.21  66.392  9.888]
479,CB,GLU,146,[33.689 66.899  6.93 ]
480,CG,GLU,146,[33.655 65.684  6.013]
481,CD,GLU,146,[33.83  64.362  6.775]
482,OE1,GLU,146,[34.497 64.36   7.828]
483,OE2,GLU,146,[33.305 63.317  6.325]
484,N,ALA,147,[33.079 68.314  9.944]
485,CA,ALA,147,[33.671 68.725 11.216]
486,C,ALA,147,[33.028 67.832 12.251]
487,O,ALA,147,[33.713 67.121 12.977]
488,CB,ALA,147,[33.369 70.19  11.52 ]
489,N,ILE,148,[31.699 67.806 12.245]
490,CA,ILE,148,[30.946 66.989 13.185]
491,C,ILE,148,[31.267 65.514 13.011]
492,O,ILE,148,[31.091 64.733 13.937]
493,CB,ILE,148,[29.423 67.263 13.097]
494,CG1,ILE,148,[29.151 68.722 13.491]
495,CG2,ILE,148,[28.651 66.314 14.018]
496,CD1,ILE,148,[27.731 69.149 13.324]
497,N,LEU,149,[31.719 65.127 11.823]
498,CA,LEU,149,[32.114 63.742 11.588]
499,C,LEU,149,[33.527 63.582 12.146]
500,O,LEU,149,[33.806 62.649 12.894]
501,CB,LEU,149,[32.091 63.404 10.097]
502,CG,LEU,149,[30.77  62.933  9.474]
503,CD1,LEU,149,[30.281 61.652 10.139]
504,CD2,LEU,149,[29.713 63.996  9.601]
505,N,GLU,150,[34.404 64.528 11.82 ]
506,CA,GLU,150,[35.78  64.513 12.307]
507,C,GLU,150,[35.773 65.256 13.628]
508,O,GLU,150,[36.453 66.263 13.771]
509,CB,GLU,150,[36.73  65.228 11.329]
510,CG,GLU,150,[36.752 64.658  9.914]
511,CD,GLU,150,[36.847 63.137  9.881]
512,OE1,GLU,150,[37.795 62.576 10.476]
513,OE2,GLU,150,[35.975 62.498  9.251]
514,N,LEU,151,[35.003 64.743 14.586]
515,CA,LEU,151,[34.853 65.349 15.914]
516,C,LEU,151,[33.948 64.479 16.774]
517,O,LEU,151,[34.067 64.46  17.996]
518,CB,LEU,151,[34.239 66.751 15.796]
519,CG,LEU,151,[33.075 67.114 16.726]
520,CD1,LEU,151,[33.583 67.378 18.134]
521,CD2,LEU,151,[32.336 68.329 16.171]
522,N,PHE,152,[32.953 63.878 16.136]
523,CA,PHE,152,[32.025 62.998 16.829]
524,C,PHE,152,[32.741 61.701 17.172]
525,O,PHE,152,[33.744 61.716 17.88 ]
526,CB,PHE,152,[30.787 62.715 15.961]
527,CG,PHE,152,[29.518 63.319 16.494]
528,CD1,PHE,152,[29.555 64.338 17.445]
529,CD2,PHE,152,[28.288 62.847 16.067]
530,CE1,PHE,152,[28.387 64.876 17.963]
531,CE2,PHE,152,[27.113 63.377 16.579]
532,CZ,PHE,152,[27.163 64.393 17.529]
